LCSC,Reference,Value,specs,Footprint,Qty,DNP,LCSC,Manufacturer_Name,Manufacturer_Part_Number,PN,Description
,BT1,Battery_Cell,Battery holder CR2032 SMD Button And Strip Battery Connector ROHS,Battery:BatteryHolder_Keystone_1060_1x2032,1,,,,,,
N/A,"C1,C6",56u,panasonic EEH-AZF1H560B,Capacitor_THT:CP_Radial_D8.0mm_P3.50mm,2,,N/A,Panasonic,EEH-AZF1H560B,EEH-AZF1H560B,
C15849,"C2,C3,C5,C7,C9,C84",1u,"	
50V 1uF X5R ±10% 0603 Multilayer Ceramic Capacitors MLCC - SMD/SMT ROHS",Capacitor_SMD:C_0603_1608Metric,6,,C15849,,,,
C19666,"C4,C14,C65,C66,C72,C76,C80,C82",4.7u,16V 4.7uF X5R ±10% 0603 Multilayer Ceramic Capacitors MLCC - SMD/SMT ROHS,Capacitor_SMD:C_0603_1608Metric,8,,C19666,,,-- mixed values --,
C57112,"C8,C15,C85,C86,C87,C88,C93,C94,C95,C96,C99,C100,C101,C102",10n,50V 10nF X7R ±10% 0603 Multilayer Ceramic Capacitors MLCC - SMD/SMT ROHS,Capacitor_SMD:C_0603_1608Metric,14,,C57112,,,,
-- mixed values --,"C10,C40,C41,C42,C43,C44,C45,C46,C47,C48,C49,C50,C51,C52,C53,C54,C55,C56,C57,C58,C59,C60,C61,C62,C63,C64,C67,C68,C69,C70,C71,C73,C79,C81,C83,C89,C91,C92,C97,C98",100n,,-- mixed values --,40,,-- mixed values --,,,,
C13533,"C11,C20,C21",330p,50V 330pF C0G ±5% 0402 Multilayer Ceramic Capacitors MLCC - SMD/SMT ROHS,Capacitor_SMD:C_0402_1005Metric,3,,C13533,,,,
,L2,,"3.2A 10uH ±20% 3.5A SMD,5.4x5.2mm Power Inductors ROHS",,1,,,Sunlord,MWSA0503S-100MT,,
-- mixed values --,"C12,C13",10u,50V 10uF X5R ±10% 1206 Multilayer Ceramic Capacitors MLCC - SMD/SMT ROHS,-- mixed values --,2,,-- mixed values --,,,,
C53175,"C16,C17",3.3n,50V 3.3nF X7R ±10% 0805 Multilayer Ceramic Capacitors MLCC - SMD/SMT ROHS,Capacitor_SMD:C_0805_2012Metric,2,,C53175,,,,
C1630,"C18,C19",680p,50V 680pF X7R ±10% 0603 Multilayer Ceramic Capacitors MLCC - SMD/SMT ROHS,Capacitor_SMD:C_0603_1608Metric,2,,C1630,,,,
C1567,"C22,C23",47p,50V 47pF C0G ±5% 0402 Multilayer Ceramic Capacitors MLCC - SMD/SMT ROHS,Capacitor_SMD:C_0402_1005Metric,2,,C1567,,,,
C1588,"C24,C25,C26,C27,C28,C29,C30,C31,C32,C33,C34,C35,C36,C37,C38,C39",1n,50V 1nF X7R ±10% 0603 Multilayer Ceramic Capacitors MLCC - SMD/SMT ROHS,Capacitor_SMD:C_0603_1608Metric,16,,C1588,,,,
C1562,"C74,C75",33p,50V 33pF C0G ±5% 0402 Multilayer Ceramic Capacitors MLCC - SMD/SMT ROHS,Capacitor_SMD:C_0402_1005Metric,2,,C1562,,,,
-- mixed values --,"C77,C78,C90,L1",2.2u,16V 2.2uF X5R ±10% 0603 Multilayer Ceramic Capacitors MLCC - SMD/SMT ROHS,-- mixed values --,4,,-- mixed values --,,,-- mixed values --,
C151281,D1,SM15T33CA,31A 1.5kW 48.4V 33.3V 30V SMC(DO-214AB) ESD and Surge Protection (TVS/ESD) ROHS,Diode_SMD:D_SMC,1,,C151281,,,SM15T33CA,
C8678,"D2,D3",D_Schottky,40V Independent Type 3A 550mV@3A SMA(DO-214AC) Schottky Diodes ROHS,Diode_SMD:D_SMA,2,,C8678,,,,
C152727,"D4,D5",PESD1CAN-UX,3A 50V 150W 25.4V Bidirectional 24V SOT-323-3 ESD and Surge Protection (TVS/ESD) ROHS,Package_TO_SOT_SMD:SOT-323_SC-70,2,,C152727,,,PESD1CAN-UX,
C8598,"D6,D7,D8,D14,D16,D17",schottky,40V 600mV@1A 1A SOD-123 Schottky Diodes ROHS,Diode_SMD:D_SOD-123,6,,C8598,,,,
C72043,"D9,D12",GREEN,20mA 199mcd Colorless Transparent Lens -40?~+85? 520nm~535nm Emerald 120° 110mW 3.3V 0603 LED Indication - Discrete ROHS,LED_SMD:LED_0603_1608Metric_Castellated,2,,C72043,,,,
C2286,D10,RED,-40?~+85? Red 0603 LED Indication - Discrete ROHS,LED_SMD:LED_0603_1608Metric_Castellated,1,,C2286,,,,
C72041,D11,BLUE,5mA Colorless Transparent Lens -40?~+85? 465nm~475nm Blue 120° 110mW 0603 LED Indication - Discrete ROHS,LED_SMD:LED_0603_1608Metric_Castellated,1,,C72041,,,,
C72038,D13,ORANGE,20mA Colorless Transparent Lens -40?~+85? 585.5nm~591.5nm Yellow 120° 60mW 0603 LED Indication - Discrete ROHS,LED_SMD:LED_0603_1608Metric_Castellated,1,,C72038,,,,
C85364,"D15,U11,U12,U13,U16,U18,U20,U22",SRV05-4,1A@8/20us 12V 6V 5V SOT-23-6 ESD and Surge Protection (TVS/ESD) ROHS,Package_TO_SOT_SMD:SOT-23-6,8,,C85364,,,,
C207035,"F1,F2",Polyfuse,24V 200mA 100A 420mA 1206 Resettable Fuses ROHS,Resistor_SMD:R_1206_3216Metric,2,,C207035,,,1206L012WR,
C1015,FB1,Ferrite_Bead,±25% 100?@100MHz 0805 Ferrite Beads ROHS,Inductor_SMD:L_0805_2012Metric,1,,C1015,,,,
C32677,IC1,PSM712-LF-T7,19V 13.3V 12V SOT-23 ESD and Surge Protection (TVS/ESD) ROHS,Package_TO_SOT_SMD:SOT-23,1,,C32677,ProTek Devices,PSM712-LF-T7,,ESD Suppressor TVS Bi-Dir 12V/7V 3-Pin SOT-23 T/R
-- mixed values --,"J1,J2,J3,J15,J16",Conn_01x01,,-- mixed values --,5,,-- mixed values --,,,,
,"J4,J5",Conn_01x32,,Connector_PinHeader_2.54mm:PinHeader_1x32_P2.54mm_Vertical,2,,,,,,
,"J6,J7",Conn_01x16,,Connector_PinHeader_2.54mm:PinHeader_1x16_P2.54mm_Vertical,2,,,,,,
N/A,J8,Conn_02x05_Odd_Even,,Connector_PinHeader_1.27mm:PinHeader_2x05_P1.27mm_Vertical_SMD,1,,N/A,,,FTSH-105-01-F-DV-007-K,
-- mixed values --,"J9,J11",Conn_01x06,,-- mixed values --,2,,-- mixed values --,,,,
C164170,J10,Micro_SD_Card,-20?~+85? Card Slot MicroSD card (TF card) Flip type SMD SD Card / Memory Card Connector ROHS,Connector_Card:microSD_HC_Wuerth_693072010801,1,,C164170,,,47219-2001,
N/A,J12,Conn_01x02,,Connector_PinHeader_2.54mm:PinHeader_1x02_P2.54mm_Vertical,1,,N/A,,,,
N/A,"J13,J14",USB_B,,-- mixed values --,2,,N/A,,,-- mixed values --,
N/A,"JP1,JP2",Jumper_NO_Small,,Jumper:SolderJumper-2_P1.3mm_Open_TrianglePad1.0x1.5mm,2,,N/A,,,,
-- mixed values --,"R1,R3,R4,R47,R48,R49,R50,R59,R60,R61,R62,R71,R72,R73,R74,R83,R84,R85,R86,R89,R90,R97,R99,R100,RN1,RN2,RN3,RN4,RN11",10k,62.5mW Thick Film Resistors 50V ±100ppm/? ±1% 10k? 0402 Chip Resistor - Surface Mount ROHS,-- mixed values --,29,,-- mixed values --,,,-- mixed values --,
C25086,R2,1,1/16W Thick Film Resistors 50V ±1% ±200ppm/? 1? 0402 Chip Resistor - Surface Mount ROHS,Resistor_SMD:R_0402_1005Metric,1,,C25086,,,,
C25752,"R5,R17,R18",12k,1/16W Thick Film Resistors 50V ±100ppm/? ±1% 12k? 0402 Chip Resistor - Surface Mount ROHS,Resistor_SMD:R_0402_1005Metric,3,,C25752,,,,
C36871,R6,68k,1/16W Thick Film Resistors 50V ±100ppm/? ±1% 68k? 0402 Chip Resistor - Surface Mount ROHS,Resistor_SMD:R_0402_1005Metric,1,,C36871,,,,
C22787,"R7,R8",10,100mW Thick Film Resistors 75V ±100ppm/? ±1% 120? 0603 Chip Resistor - Surface Mount ROHS,Resistor_SMD:R_0603_1608Metric,2,,C22787,,,,
C22787,"R9,R10,R101,R102",120,0.1W Thick Film Resistors 75V ±100ppm/? ±1% 120? 0603 Chip Resistor - Surface Mount ROHS,Resistor_SMD:R_0603_1608Metric,4,,C22787,,,,
C25779,"R11,R12,R21,R22",33k,1/16W Thick Film Resistors 50V ±100ppm/? ±1% 33k? 0402 Chip Resistor - Surface Mount ROHS,Resistor_SMD:R_0402_1005Metric,4,,C25779,,,,
C25741,"R13,R14,R19,R20,R98",100k,1/16W Thick Film Resistors 50V ±100ppm/? ±1% 100k? 0402 Chip Resistor - Surface Mount ROHS,Resistor_SMD:R_0402_1005Metric,5,,C25741,,,,
C25790,"R15,R16,R51,R52,R53,R54,R63,R64,R65,R66,R75,R76,R77,R78",470k,1/16W Thick Film Resistors 50V ±100ppm/? ±1% 470k? 0402 Chip Resistor - Surface Mount ROHS,Resistor_SMD:R_0402_1005Metric,14,,C25790,,,,
C13167,"R23,R24,R25,R26,R27,R28,R29,R30,R31,R32,R33,R34,R35,R36,R37,R38,R39,R40,R41,R42",2.7k,0.1W Thick Film Resistors 75V ±100ppm/? ±1% 2.7k? 0603 Chip Resistor - Surface Mount ROHS,Resistor_SMD:R_0603_1608Metric,20,,C13167,,,,
C25908,"R43,R44,R45,R46,R55,R56,R57,R58,R67,R68,R69,R70,R79,R80,R81,R82",5.6k,1/16W Thick Film Resistors 50V ±100ppm/? ±1% 5.6k? 0402 Chip Resistor - Surface Mount ROHS,Resistor_SMD:R_0402_1005Metric,16,,C25908,,,,
-- mixed values --,"R87,R88,R1501,R1502,R1503,R1504,R1601,R1602,R1603,R1604,RN5,RN6,RN7,RN8,RN9,RN10",1k,62.5mW Thick Film Resistors 50V ±100ppm/? ±1% 1k? 0402 Chip Resistor - Surface Mount ROHS,-- mixed values --,16,,-- mixed values --,,,,
C25104,"R91,R92,R93,R94,R95",330,1/16W Thick Film Resistors 50V ±100ppm/? ±1% 330? 0402 Chip Resistor - Surface Mount ROHS,Resistor_SMD:R_0402_1005Metric,5,,C25104,,,,
C23254,R96,82k,0.1W Thick Film Resistors 75V ±100ppm/? ±1% 82k? 0603 Chip Resistor - Surface Mount ROHS,Resistor_SMD:R_0603_1608Metric,1,,C23254,,,,
C17673,"R103,R104,R105,R106,R107",4.7k,0.125W Thick Film Resistors 150V ±100ppm/? ±1% 4.7k? 0805 Chip Resistor - Surface Mount ROHS,Resistor_SMD:R_0805_2012Metric,5,,C17673,,,,
C17408,"R108,R109,R110,R111,R112,R113,R114,R115",100,0.125W Thick Film Resistors 150V ±100ppm/? ±1% 100? 0805 Chip Resistor - Surface Mount ROHS,Resistor_SMD:R_0805_2012Metric,8,,C17408,,,,
C318887,"SW1,SW2",SW_Push,None Without bracket 50mA 5.1mm 100000 Times 260gf 12V 5.1mm 2.5mm Round Button Standing paste SPST SMD Tactile Switches ROHS,Button_Switch_SMD:SW_SPST_EVQQ2,2,,C318887,,,,
C3747428,"U1,U2",TLS115D0E,"85dB@(100Hz) 150mA Adjustable 2V Positive electrode 45V DSO-8 Voltage Regulators - Linear, Low Drop Out (LDO) Regulators ROHS",Package_SO:Infineon_PG-DSO-8-43,2,,C3747428,,,TLS115D0E,
C187824,U3,LMR14020,40V 2A 2.2MHz Step-Down Converter,Package_SO:SOIC-8-1EP_3.9x4.9mm_P1.27mm_EP2.29x3mm,1,,C187824,,,LMR14020,
C7376,"U4,U5",MCP2551-I-SN,1Mbps CANtransceiver SOIC-8 CAN Transceivers ROHS,Package_SO:SOIC-8_3.9x4.9mm_P1.27mm,2,,C7376,,,,
C6186,U6,AMS1117-3.3,"72dB@(120Hz) 1A Fixed 3.3V Positive electrode 16V SOT-223 Voltage Regulators - Linear, Low Drop Out (LDO) Regulators ROHS",Package_TO_SOT_SMD:SOT-223-3_TabPin2,1,,C6186,,,,
C50282,"U7,U15,U17,U19,U21",MCP6004,QUAD 1pA 0.6V/us 4.5mV TSSOP-14 Operational Amplifier ROHS,Package_SO:TSSOP-14_4.4x5mm_P0.65mm,5,,C50282,,,MCP6004T-I/ST,
C10429,"U8,U9,U10,U14",SN74LVC2G17DB,"Schmitt Trigger 1 32mA 1.65V~5.5V 32mA 2 SOT-23-6 Buffers, Drivers, Receivers, Transceivers ROHS",Package_TO_SOT_SMD:SOT-23-6,4,,C10429,,,74HC2G17GW,
C130016,U23,REF3333,3.3V ±0.15% 3.5V~5.5V 5mA Fixed SOT-23 Voltage Reference ROHS,Package_TO_SOT_SMD:SOT-23,1,,C130016,,,REF3033,
C94049,U24,LPS25HB,26Kpa~126Kpa HLGA-10(2x2) Pressure Sensors ROHS,Package_LGA:ST_HLGA-10_2.5x2.5mm_P0.6mm_LayoutBorder3x2y,1,,C94049,,,,
C90235,U26,STM32F767ZITx,ARM-MSeries 216MHz LQFP-144(20x20) Microcontrollers (MCU/MPU/SOC) ROHS,Package_QFP:LQFP-144_20x20mm_P0.5mm,1,,C90235,,,STM32F767ZIT6,
C111212,U27,USBLC6-2SC6,5A 17V 6V Unidirectional 5.25V SOT-23-6 ESD and Surge Protection (TVS/ESD) ROHS,Package_TO_SOT_SMD:SOT-23-6,1,,C111212,,,USBLC6-2,
C85135,U40,BTS716G,5.5V~40V Active High High-side switch DSO-20 Power Distribution Switches ROHS,Package_SO:Infineon_PG-DSO-20-32,1,,C85135,,,,
C5370979,U41,MIC5205-3.3YM5,"150mA Fixed 3.3V Positive electrode 20V SOT-23-5L Voltage Regulators - Linear, Low Drop Out (LDO) Regulators ROHS",Package_TO_SOT_SMD:SOT-23-5,1,,C5370979,,,,
C171845,"U42,U43,U44,U45",MIC4427,Low edge 2 1.5A 10ns 8ns 4.5V~30V 1.5A SOIC-8 Gate Drivers ROHS,Package_SO:SO-8_3.9x4.9mm_P1.27mm,4,,C171845,,,TC4427EOA,
C222209,"U1001,U1002,U1101,U1102,U1201,U1202",VNLD5090,4.5V~5.5V 90m? Active High 13A 2 Low-side switch SO-8 Power Distribution Switches ROHS,Package_SO:SOIC-8_3.9x4.9mm_P1.27mm,6,,C222209,,,,
C115962,Y1,8MHz,8MHz Surface Mount Crystal 20pF ±10ppm ±20ppm SMD5032 Crystals ROHS,Crystal:Crystal_SMD_5032-2Pin_5.0x3.2mm,1,,C115962,,,,
